{"success": true, "items": [{"yewuriqi": "2024-10-01", "gonghuojigoumingcheng": "四川蜀辣韵味食品有限公司", "gonghuojigoubianma": "PS0011", "yaohuojigoumingcheng": "杜智勇-郑皓月 13980560670", "yaohuojigoubianma": "MD006088", "yaohuojigouid": "", "wupinmingcheng": "3#牛油调味粉50g", "wupinbianma": "01.05.0004", "guigexinghao": "50g*200袋/件", "wupinleibie": "仁寿调味粉工厂产成品_调味品类", "kucundanwei": "袋", "caigoudanjia": 1.05, "caigoushuliang": 200, "shouhuoshuliang": 0, "tuihuoshuliang": 0, "jituanmingcheng": "巴蜀辣韵"}, {"yewuriqi": "2024-10-01", "gonghuojigoumingcheng": "四川蜀辣韵味食品有限公司", "gonghuojigoubianma": "PS0011", "yaohuojigoumingcheng": "杜智勇-郑皓月 13980560670", "yaohuojigoubianma": "MD006088", "yaohuojigouid": "", "wupinmingcheng": "3#牛油调味粉50g", "wupinbianma": "01.05.0004", "guigexinghao": "50g*200袋/件", "wupinleibie": "仁寿调味粉工厂产成品_调味品类", "kucundanwei": "袋", "caigoudanjia": 1.05, "caigoushuliang": 4, "shouhuoshuliang": 0, "tuihuoshuliang": 0, "jituanmingcheng": "巴蜀辣韵"}, {"yewuriqi": "2024-10-01", "gonghuojigoumingcheng": "四川蜀辣韵味食品有限公司", "gonghuojigoubianma": "PS0011", "yaohuojigoumingcheng": "郑德波-程强 15008401359", "yaohuojigoubianma": "MD002809", "yaohuojigouid": null, "wupinmingcheng": "3#牛油调味粉50g", "wupinbianma": "01.05.0004", "guigexinghao": "50g*200袋/件", "wupinleibie": "仁寿调味粉工厂产成品_调味品类", "kucundanwei": "袋", "caigoudanjia": 1.05, "caigoushuliang": 3, "shouhuoshuliang": 0, "tuihuoshuliang": 0, "jituanmingcheng": "巴蜀辣韵"}, {"yewuriqi": "2024-10-01", "gonghuojigoumingcheng": "成都辣渝府食品有限公司", "gonghuojigoubianma": "PS0009", "yaohuojigoumingcheng": "杜智勇-郑皓月 13980560670", "yaohuojigoubianma": "MD006088", "yaohuojigouid": "", "wupinmingcheng": "利| 2#番茄料包500g", "wupinbianma": "01.03.0105", "guigexinghao": "500g*50袋/桶", "wupinleibie": "辣渝府产成品_清汤类", "kucundanwei": "袋", "caigoudanjia": 10, "caigoushuliang": 100, "shouhuoshuliang": 0, "tuihuoshuliang": 0, "jituanmingcheng": "巴蜀辣韵"}, {"yewuriqi": "2024-10-01", "gonghuojigoumingcheng": "成都辣渝府食品有限公司", "gonghuojigoubianma": "PS0009", "yaohuojigoumingcheng": "杜智勇-郑皓月 13980560670", "yaohuojigoubianma": "MD006088", "yaohuojigouid": "", "wupinmingcheng": "利| 2#番茄料包500g", "wupinbianma": "01.03.0105", "guigexinghao": "500g*50袋/桶", "wupinleibie": "辣渝府产成品_清汤类", "kucundanwei": "袋", "caigoudanjia": 10, "caigoushuliang": 1, "shouhuoshuliang": 0, "tuihuoshuliang": 0, "jituanmingcheng": "巴蜀辣韵"}, {"yewuriqi": "2024-10-01", "gonghuojigoumingcheng": "资阳工厂", "gonghuojigoubianma": "PS0005", "yaohuojigoumingcheng": "赖长安-刘武 18181936968", "yaohuojigoubianma": "MD007831", "yaohuojigouid": "", "wupinmingcheng": "资|东方酵主牛油调味粉", "wupinbianma": "01.05.0060", "guigexinghao": "50g*200袋/件", "wupinleibie": "资阳产成品_定制类_调味品类", "kucundanwei": "袋", "caigoudanjia": 2, "caigoushuliang": 20, "shouhuoshuliang": 0, "tuihuoshuliang": 0, "jituanmingcheng": "巴蜀辣韵"}, {"yewuriqi": "2024-10-01", "gonghuojigoumingcheng": "资阳工厂", "gonghuojigoubianma": "PS0005", "yaohuojigoumingcheng": "杜智勇-郑皓月 13980560670", "yaohuojigoubianma": "MD006088", "yaohuojigouid": "", "wupinmingcheng": "虫草花菌汤料", "wupinbianma": "01.03.0092", "guigexinghao": "200g*100袋", "wupinleibie": "资阳产成品_清汤类", "kucundanwei": "袋", "caigoudanjia": 6.87, "caigoushuliang": 100, "shouhuoshuliang": 0, "tuihuoshuliang": 0, "jituanmingcheng": "巴蜀辣韵"}, {"yewuriqi": "2024-10-01", "gonghuojigoumingcheng": "仁寿工厂", "gonghuojigoubianma": "PS0004", "yaohuojigoumingcheng": "杜智勇-郑皓月 13980560670", "yaohuojigoubianma": "MD006088", "yaohuojigouid": "", "wupinmingcheng": "合【酵皇】6#火锅红油500g", "wupinbianma": "01.01.0170", "guigexinghao": "500g*30袋/件", "wupinleibie": "仁寿产成品_牛油类", "kucundanwei": "袋", "caigoudanjia": 14.1, "caigoushuliang": 1, "shouhuoshuliang": 0, "tuihuoshuliang": 0, "jituanmingcheng": "巴蜀辣韵"}, {"yewuriqi": "2024-10-01", "gonghuojigoumingcheng": "仁寿工厂", "gonghuojigoubianma": "PS0004", "yaohuojigoumingcheng": "杜智勇-郑皓月 13980560670", "yaohuojigoubianma": "MD006088", "yaohuojigouid": "", "wupinmingcheng": "合【酵皇】6#火锅底料500g", "wupinbianma": "01.01.0169", "guigexinghao": "500g*30袋/件", "wupinleibie": "仁寿产成品_牛油类", "kucundanwei": "袋", "caigoudanjia": 12.3, "caigoushuliang": 1, "shouhuoshuliang": 0, "tuihuoshuliang": 0, "jituanmingcheng": "巴蜀辣韵"}, {"yewuriqi": "2024-10-01", "gonghuojigoumingcheng": "仁寿工厂", "gonghuojigoubianma": "PS0004", "yaohuojigoumingcheng": "杜智勇-郑皓月 13980560670", "yaohuojigoubianma": "MD006088", "yaohuojigouid": "", "wupinmingcheng": "合918火锅底料500g", "wupinbianma": "01.01.0524", "guigexinghao": "500g*30袋/件", "wupinleibie": "仁寿产成品_牛油类", "kucundanwei": "袋", "caigoudanjia": 13.3, "caigoushuliang": 1, "shouhuoshuliang": 0, "tuihuoshuliang": 0, "jituanmingcheng": "巴蜀辣韵"}, {"yewuriqi": "2024-10-01", "gonghuojigoumingcheng": "仁寿工厂", "gonghuojigoubianma": "PS0004", "yaohuojigoumingcheng": "杜智勇-郑皓月 13980560670", "yaohuojigoubianma": "MD006088", "yaohuojigouid": "", "wupinmingcheng": "合918火锅红油500g", "wupinbianma": "01.01.0523", "guigexinghao": "500g*30袋/件", "wupinleibie": "仁寿产成品_牛油类", "kucundanwei": "袋", "caigoudanjia": 14.2, "caigoushuliang": 1, "shouhuoshuliang": 0, "tuihuoshuliang": 0, "jituanmingcheng": "巴蜀辣韵"}, {"yewuriqi": "2024-10-01", "gonghuojigoumingcheng": "仁寿工厂", "gonghuojigoubianma": "PS0004", "yaohuojigoumingcheng": "郑德波-程强 15008401359", "yaohuojigoubianma": "MD002809", "yaohuojigouid": null, "wupinmingcheng": "合|【合二锅】腌鱼粉500g", "wupinbianma": "01.05.0062", "guigexinghao": "500g*30袋/件", "wupinleibie": "仁寿产成品_调味品类", "kucundanwei": "袋", "caigoudanjia": 13.5, "caigoushuliang": 1, "shouhuoshuliang": 0, "tuihuoshuliang": 0, "jituanmingcheng": "巴蜀辣韵"}, {"yewuriqi": "2024-10-01", "gonghuojigoumingcheng": "仁寿工厂", "gonghuojigoubianma": "PS0004", "yaohuojigoumingcheng": "郑德波-程强 15008401359", "yaohuojigoubianma": "MD002809", "yaohuojigouid": null, "wupinmingcheng": "合椒麻鱼料500g", "wupinbianma": "01.02.0157", "guigexinghao": "500g*50袋/桶", "wupinleibie": "仁寿产成品_清油类", "kucundanwei": "袋", "caigoudanjia": 13.6, "caigoushuliang": 1, "shouhuoshuliang": 0, "tuihuoshuliang": 0, "jituanmingcheng": "巴蜀辣韵"}, {"yewuriqi": "2024-10-01", "gonghuojigoumingcheng": "仁寿工厂", "gonghuojigoubianma": "PS0004", "yaohuojigoumingcheng": "郑德波-程强 15008401359", "yaohuojigoubianma": "MD002809", "yaohuojigouid": null, "wupinmingcheng": "合X992#火锅红油500g", "wupinbianma": "01.02.0154", "guigexinghao": "500g*50袋/桶", "wupinleibie": "仁寿产成品_清油类", "kucundanwei": "袋", "caigoudanjia": 13.5, "caigoushuliang": 1, "shouhuoshuliang": 0, "tuihuoshuliang": 0, "jituanmingcheng": "巴蜀辣韵"}, {"yewuriqi": "2024-10-01", "gonghuojigoumingcheng": "仁寿工厂", "gonghuojigoubianma": "PS0004", "yaohuojigoumingcheng": "郑德波-程强 15008401359", "yaohuojigoubianma": "MD002809", "yaohuojigouid": null, "wupinmingcheng": "合X993清油火锅底料500g", "wupinbianma": "01.02.0153", "guigexinghao": "500g*50袋/桶", "wupinleibie": "仁寿产成品_清油类", "kucundanwei": "袋", "caigoudanjia": 12.2, "caigoushuliang": 1, "shouhuoshuliang": 0, "tuihuoshuliang": 0, "jituanmingcheng": "巴蜀辣韵"}, {"yewuriqi": "2024-10-01", "gonghuojigoumingcheng": "贾家工厂", "gonghuojigoubianma": "PS0001", "yaohuojigoumingcheng": "C张凯-曾功杰 18980062945", "yaohuojigoubianma": "MD011518", "yaohuojigouid": "", "wupinmingcheng": "13#火锅油料包600g", "wupinbianma": "01.01.0019", "guigexinghao": "600g*25袋/件", "wupinleibie": "贾家产成品_牛油类", "kucundanwei": "袋", "caigoudanjia": 15.72, "caigoushuliang": 125, "shouhuoshuliang": 0, "tuihuoshuliang": 0, "jituanmingcheng": "巴蜀辣韵"}, {"yewuriqi": "2024-10-01", "gonghuojigoumingcheng": "贾家工厂", "gonghuojigoubianma": "PS0001", "yaohuojigoumingcheng": "赖长安-刘武 18181936968", "yaohuojigoubianma": "MD007831", "yaohuojigouid": "", "wupinmingcheng": "【东方酵主】火锅底料R款", "wupinbianma": "01.01.0565", "guigexinghao": "500*30袋/件", "wupinleibie": "贾家产成品_牛油类", "kucundanwei": "袋", "caigoudanjia": 19, "caigoushuliang": 10, "shouhuoshuliang": 0, "tuihuoshuliang": 0, "jituanmingcheng": "巴蜀辣韵"}, {"yewuriqi": "2024-10-01", "gonghuojigoumingcheng": "贾家工厂", "gonghuojigoubianma": "PS0001", "yaohuojigoumingcheng": "赖长安-刘武 18181936968", "yaohuojigoubianma": "MD007831", "yaohuojigouid": "", "wupinmingcheng": "【东方酵主】火锅红油R款", "wupinbianma": "01.01.0562", "guigexinghao": "500*30袋/件", "wupinleibie": "贾家产成品_牛油类", "kucundanwei": "袋", "caigoudanjia": 20, "caigoushuliang": 5, "shouhuoshuliang": 0, "tuihuoshuliang": 0, "jituanmingcheng": "巴蜀辣韵"}, {"yewuriqi": "2024-10-01", "gonghuojigoumingcheng": "贾家工厂", "gonghuojigoubianma": "PS0001", "yaohuojigoumingcheng": "李文芳 18080530876", "yaohuojigoubianma": "MD002916", "yaohuojigouid": null, "wupinmingcheng": "【尖酵3#】火锅红油500g", "wupinbianma": "01.01.0577", "guigexinghao": "500*30袋/件", "wupinleibie": "贾家产成品_牛油类", "kucundanwei": "袋", "caigoudanjia": 20, "caigoushuliang": 300, "shouhuoshuliang": 0, "tuihuoshuliang": 0, "jituanmingcheng": "巴蜀辣韵"}, {"yewuriqi": "2024-10-01", "gonghuojigoumingcheng": "贾家工厂", "gonghuojigoubianma": "PS0001", "yaohuojigoumingcheng": "李文芳 18080530876", "yaohuojigoubianma": "MD002916", "yaohuojigouid": null, "wupinmingcheng": "【定制】尖酵2#油", "wupinbianma": "01.06.01.1849", "guigexinghao": "500*30袋/件", "wupinleibie": "贾家产成品_定制类_定制牛油料", "kucundanwei": "袋", "caigoudanjia": 18, "caigoushuliang": 300, "shouhuoshuliang": 0, "tuihuoshuliang": 0, "jituanmingcheng": "巴蜀辣韵"}, {"yewuriqi": "2024-10-01", "gonghuojigoumingcheng": "贾家工厂", "gonghuojigoubianma": "PS0001", "yaohuojigoumingcheng": "李文芳 18080530876", "yaohuojigoubianma": "MD002916", "yaohuojigouid": null, "wupinmingcheng": "C5#火锅底料500g", "wupinbianma": "01.01.0286", "guigexinghao": "500g*30袋/件", "wupinleibie": "贾家产成品_牛油类", "kucundanwei": "袋", "caigoudanjia": 16, "caigoushuliang": 300, "shouhuoshuliang": 0, "tuihuoshuliang": 0, "jituanmingcheng": "巴蜀辣韵"}, {"yewuriqi": "2024-10-01", "gonghuojigoumingcheng": "贾家工厂", "gonghuojigoubianma": "PS0001", "yaohuojigoumingcheng": "郑德波-程强 15008401359", "yaohuojigoubianma": "MD002809", "yaohuojigouid": null, "wupinmingcheng": "豆豉酱500g", "wupinbianma": "01.04.0008", "guigexinghao": "500g*30袋/桶", "wupinleibie": "贾家产成品_酱料类", "kucundanwei": "袋", "caigoudanjia": 12.2, "caigoushuliang": 1, "shouhuoshuliang": 0, "tuihuoshuliang": 0, "jituanmingcheng": "巴蜀辣韵"}, {"yewuriqi": "2024-10-01", "gonghuojigoumingcheng": "贾家工厂", "gonghuojigoubianma": "PS0001", "yaohuojigoumingcheng": "张世银 13408056971", "yaohuojigoubianma": "MD002759", "yaohuojigouid": null, "wupinmingcheng": "干锅底料500g", "wupinbianma": "01.02.0047", "guigexinghao": "500g*50袋/桶", "wupinleibie": "贾家产成品_清油类", "kucundanwei": "袋", "caigoudanjia": 12.3, "caigoushuliang": 10, "shouhuoshuliang": 0, "tuihuoshuliang": 0, "jituanmingcheng": "巴蜀辣韵"}, {"yewuriqi": "2024-10-01", "gonghuojigoumingcheng": "贾家工厂", "gonghuojigoubianma": "PS0001", "yaohuojigoumingcheng": "张世银 13408056971", "yaohuojigoubianma": "MD002759", "yaohuojigouid": null, "wupinmingcheng": "风味2#火锅红油500g", "wupinbianma": "01.02.0018", "guigexinghao": "500g*50袋/桶", "wupinleibie": "贾家产成品_清油类", "kucundanwei": "袋", "caigoudanjia": 11.9, "caigoushuliang": 2, "shouhuoshuliang": 0, "tuihuoshuliang": 0, "jituanmingcheng": "巴蜀辣韵"}]}